[
{"name": "New York", "state": "New York"},
{"name": "Los Angeles", "state": "California"},
{"name": "Chicago", "state": "Illinois"},
{"name": "Houston", "state": "Texas"},
{"name": "Phoenix", "state": "Arizona"},
{"name": "Philadelphia", "state": "Pennsylvania"},
{"name": "San Antonio", "state": "Texas"},
{"name": "San Diego", "state": "California"},
{"name": "Dallas", "state": "Texas"},
{"name": "San Jose", "state": "California"},
{"name": "Austin", "state": "Texas"},
{"name": "Jacksonville", "state": "Florida"},
{"name": "Fort Worth", "state": "Texas"},
{"name": "Columbus", "state": "Ohio"},
{"name": "San Francisco", "state": "California"},
{"name": "Charlotte", "state": "North Carolina"},
{"name": "Indianapolis", "state": "Indiana"},
{"name": "Seattle", "state": "Washington"},
{"name": "Denver", "state": "Colorado"},
{"name": "Washington", "state": "District of Columbia"},
{"name": "Boston", "state": "Massachusetts"},
{"name": "El Paso", "state": "Texas"},
{"name": "Detroit", "state": "Michigan"},
{"name": "Nashville", "state": "Tennessee"},
{"name": "Portland", "state": "Oregon"},
{"name": "Memphis", "state": "Tennessee"},
{"name": "Oklahoma", "state": "Oklahoma"},
{"name": "Las Vegas", "state": "Nevada"},
{"name": "Louisville", "state": "Kentucky"},
{"name": "Baltimore", "state": "Maryland"},
{"name": "Milwaukee", "state": "Wisconsin"},
{"name": "Albuquerque", "state": "New Mexico"},
{"name": "Tucson", "state": "Arizona"},
{"name": "Fresno", "state": "California"},
{"name": "Mesa", "state": "Arizona"},
{"name": "Sacramento", "state": "California"},
{"name": "Atlanta", "state": "Georgia"},
{"name": "Kansas", "state": "Missouri"},
{"name": "Colorado Springs", "state": "Colorado"},
{"name": "Raleigh", "state": "North Carolina"},
{"name": "Omaha", "state": "Nebraska"},
{"name": "Long Beach", "state": "California"},
{"name": "Virginia Beach", "state": "Virginia"},
{"name": "Oakland", "state": "California"},
{"name": "Minneapolis", "state": "Minnesota"},
{"name": "Tulsa", "state": "Oklahoma"},
{"name": "Arlington", "state": "Texas"},
{"name": "Tampa", "state": "Florida"},
{"name": "New Orleans", "state": "Louisiana"},
{"name": "Wichita", "state": "Kansas"},
{"name": "Cleveland", "state": "Ohio"},
{"name": "Bakersfield", "state": "California"},
{"name": "Aurora", "state": "Colorado"},
{"name": "Anaheim", "state": "California"},
{"name": "Santa Ana", "state": "California"},
{"name": "Riverside", "state": "California"},
{"name": "Corpus Christi", "state": "Texas"},
{"name": "Lexington", "state": "Kentucky"},
{"name": "Stockton", "state": "California"},
{"name": "Henderson", "state": "Nevada"},
{"name": "St. Paul", "state": "Minnesota"},
{"name": "St. Louis", "state": "Missouri"},
{"name": "Cincinnati", "state": "Ohio"},
{"name": "Pittsburgh", "state": "Pennsylvania"},
{"name": "Greensboro", "state": "North Carolina"},
{"name": "Anchorage", "state": "Alaska"},
{"name": "Plano", "state": "Texas"},
{"name": "Lincoln", "state": "Nebraska"},
{"name": "Orlando", "state": "Florida"},
{"name": "Irvine", "state": "California"},
{"name": "Newark", "state": "New Jersey"},
{"name": "Toledo", "state": "Ohio"},
{"name": "Durham", "state": "North Carolina"},
{"name": "Chula Vista", "state": "California"},
{"name": "Fort Wayne", "state": "Indiana"},
{"name": "Jersey City", "state": "New Jersey"},
{"name": "St. Petersburg", "state": "Florida"},
{"name": "Laredo", "state": "Texas"},
{"name": "Madison", "state": "Wisconsin"},
{"name": "Chandler", "state": "Arizona"},
{"name": "Buffalo", "state": "New York"},
{"name": "Lubbock", "state": "Texas"},
{"name": "Scottsdale", "state": "Arizona"},
{"name": "Reno", "state": "Nevada"},
{"name": "Glendale", "state": "Arizona"},
{"name": "Gilbert", "state": "Arizona"},
{"name": "Winston-Salem", "state": "North Carolina"},
{"name": "North Las Vegas", "state": "Nevada"},
{"name": "Norfolk", "state": "Virginia"},
{"name": "Chesapeake", "state": "Virginia"},
{"name": "Garland", "state": "Texas"},
{"name": "Irving", "state": "Texas"},
{"name": "Fremont", "state": "California"},
{"name": "Boise", "state": "Idaho"},
{"name": "Richmond", "state": "Virginia"},
{"name": "Baton Rouge", "state": "Louisiana"},
{"name": "Spokane", "state": "Washington"}
]